DateKey,Date,Day,Month,MonthShort,MonthNo,Quarter,Year
20190101,1/1/2019,Tuesday,January,Jan,1,1,2019
20190102,1/2/2019,Wednesday,January,Jan,1,1,2019
20190103,1/3/2019,Thursday,January,Jan,1,1,2019
20190104,1/4/2019,Friday,January,Jan,1,1,2019
20190105,1/5/2019,Saturday,January,Jan,1,1,2019
20190106,1/6/2019,Sunday,January,Jan,1,1,2019
20190107,1/7/2019,Monday,January,Jan,1,1,2019
20190108,1/8/2019,Tuesday,January,Jan,1,1,2019
20190109,1/9/2019,Wednesday,January,Jan,1,1,2019
20190110,1/10/2019,Thursday,January,Jan,1,1,2019
20190111,1/11/2019,Friday,January,Jan,1,1,2019
20190112,1/12/2019,Saturday,January,Jan,1,1,2019
20190113,1/13/2019,Sunday,January,Jan,1,1,2019
20190114,1/14/2019,Monday,January,Jan,1,1,2019
20190115,1/15/2019,Tuesday,January,Jan,1,1,2019
20190116,1/16/2019,Wednesday,January,Jan,1,1,2019
20190117,1/17/2019,Thursday,January,Jan,1,1,2019
20190118,1/18/2019,Friday,January,Jan,1,1,2019
20190119,1/19/2019,Saturday,January,Jan,1,1,2019
20190120,1/20/2019,Sunday,January,Jan,1,1,2019
20190121,1/21/2019,Monday,January,Jan,1,1,2019
20190122,1/22/2019,Tuesday,January,Jan,1,1,2019
20190123,1/23/2019,Wednesday,January,Jan,1,1,2019
20190124,1/24/2019,Thursday,January,Jan,1,1,2019
20190125,1/25/2019,Friday,January,Jan,1,1,2019
20190126,1/26/2019,Saturday,January,Jan,1,1,2019
20190127,1/27/2019,Sunday,January,Jan,1,1,2019
20190128,1/28/2019,Monday,January,Jan,1,1,2019
20190129,1/29/2019,Tuesday,January,Jan,1,1,2019
20190130,1/30/2019,Wednesday,January,Jan,1,1,2019
20190131,1/31/2019,Thursday,January,Jan,1,1,2019
20190201,2/1/2019,Friday,February,Feb,2,1,2019
20190202,2/2/2019,Saturday,February,Feb,2,1,2019
20190203,2/3/2019,Sunday,February,Feb,2,1,2019
20190204,2/4/2019,Monday,February,Feb,2,1,2019
20190205,2/5/2019,Tuesday,February,Feb,2,1,2019
20190206,2/6/2019,Wednesday,February,Feb,2,1,2019
20190207,2/7/2019,Thursday,February,Feb,2,1,2019
20190208,2/8/2019,Friday,February,Feb,2,1,2019
20190209,2/9/2019,Saturday,February,Feb,2,1,2019
20190210,2/10/2019,Sunday,February,Feb,2,1,2019
20190211,2/11/2019,Monday,February,Feb,2,1,2019
20190212,2/12/2019,Tuesday,February,Feb,2,1,2019
20190213,2/13/2019,Wednesday,February,Feb,2,1,2019
20190214,2/14/2019,Thursday,February,Feb,2,1,2019
20190215,2/15/2019,Friday,February,Feb,2,1,2019
20190216,2/16/2019,Saturday,February,Feb,2,1,2019
20190217,2/17/2019,Sunday,February,Feb,2,1,2019
20190218,2/18/2019,Monday,February,Feb,2,1,2019
20190219,2/19/2019,Tuesday,February,Feb,2,1,2019
20190220,2/20/2019,Wednesday,February,Feb,2,1,2019
20190221,2/21/2019,Thursday,February,Feb,2,1,2019
20190222,2/22/2019,Friday,February,Feb,2,1,2019
20190223,2/23/2019,Saturday,February,Feb,2,1,2019
20190224,2/24/2019,Sunday,February,Feb,2,1,2019
20190225,2/25/2019,Monday,February,Feb,2,1,2019
20190226,2/26/2019,Tuesday,February,Feb,2,1,2019
20190227,2/27/2019,Wednesday,February,Feb,2,1,2019
20190228,2/28/2019,Thursday,February,Feb,2,1,2019
20190301,3/1/2019,Friday,March,Mar,3,1,2019
20190302,3/2/2019,Saturday,March,Mar,3,1,2019
20190303,3/3/2019,Sunday,March,Mar,3,1,2019
20190304,3/4/2019,Monday,March,Mar,3,1,2019
20190305,3/5/2019,Tuesday,March,Mar,3,1,2019
20190306,3/6/2019,Wednesday,March,Mar,3,1,2019
20190307,3/7/2019,Thursday,March,Mar,3,1,2019
20190308,3/8/2019,Friday,March,Mar,3,1,2019
20190309,3/9/2019,Saturday,March,Mar,3,1,2019
20190310,3/10/2019,Sunday,March,Mar,3,1,2019
20190311,3/11/2019,Monday,March,Mar,3,1,2019
20190312,3/12/2019,Tuesday,March,Mar,3,1,2019
20190313,3/13/2019,Wednesday,March,Mar,3,1,2019
20190314,3/14/2019,Thursday,March,Mar,3,1,2019
20190315,3/15/2019,Friday,March,Mar,3,1,2019
20190316,3/16/2019,Saturday,March,Mar,3,1,2019
20190317,3/17/2019,Sunday,March,Mar,3,1,2019
20190318,3/18/2019,Monday,March,Mar,3,1,2019
20190319,3/19/2019,Tuesday,March,Mar,3,1,2019
20190320,3/20/2019,Wednesday,March,Mar,3,1,2019
20190321,3/21/2019,Thursday,March,Mar,3,1,2019
20190322,3/22/2019,Friday,March,Mar,3,1,2019
20190323,3/23/2019,Saturday,March,Mar,3,1,2019
20190324,3/24/2019,Sunday,March,Mar,3,1,2019
20190325,3/25/2019,Monday,March,Mar,3,1,2019
20190326,3/26/2019,Tuesday,March,Mar,3,1,2019
20190327,3/27/2019,Wednesday,March,Mar,3,1,2019
20190328,3/28/2019,Thursday,March,Mar,3,1,2019
20190329,3/29/2019,Friday,March,Mar,3,1,2019
20190330,3/30/2019,Saturday,March,Mar,3,1,2019
20190331,3/31/2019,Sunday,March,Mar,3,1,2019
20190401,4/1/2019,Monday,April,Apr,4,2,2019
20190402,4/2/2019,Tuesday,April,Apr,4,2,2019
20190403,4/3/2019,Wednesday,April,Apr,4,2,2019
20190404,4/4/2019,Thursday,April,Apr,4,2,2019
20190405,4/5/2019,Friday,April,Apr,4,2,2019
20190406,4/6/2019,Saturday,April,Apr,4,2,2019
20190407,4/7/2019,Sunday,April,Apr,4,2,2019
20190408,4/8/2019,Monday,April,Apr,4,2,2019
20190409,4/9/2019,Tuesday,April,Apr,4,2,2019
20190410,4/10/2019,Wednesday,April,Apr,4,2,2019
20190411,4/11/2019,Thursday,April,Apr,4,2,2019
20190412,4/12/2019,Friday,April,Apr,4,2,2019
20190413,4/13/2019,Saturday,April,Apr,4,2,2019
20190414,4/14/2019,Sunday,April,Apr,4,2,2019
20190415,4/15/2019,Monday,April,Apr,4,2,2019
20190416,4/16/2019,Tuesday,April,Apr,4,2,2019
20190417,4/17/2019,Wednesday,April,Apr,4,2,2019
20190418,4/18/2019,Thursday,April,Apr,4,2,2019
20190419,4/19/2019,Friday,April,Apr,4,2,2019
20190420,4/20/2019,Saturday,April,Apr,4,2,2019
20190421,4/21/2019,Sunday,April,Apr,4,2,2019
20190422,4/22/2019,Monday,April,Apr,4,2,2019
20190423,4/23/2019,Tuesday,April,Apr,4,2,2019
20190424,4/24/2019,Wednesday,April,Apr,4,2,2019
20190425,4/25/2019,Thursday,April,Apr,4,2,2019
20190426,4/26/2019,Friday,April,Apr,4,2,2019
20190427,4/27/2019,Saturday,April,Apr,4,2,2019
20190428,4/28/2019,Sunday,April,Apr,4,2,2019
20190429,4/29/2019,Monday,April,Apr,4,2,2019
20190430,4/30/2019,Tuesday,April,Apr,4,2,2019
20190501,5/1/2019,Wednesday,May,May,5,2,2019
20190502,5/2/2019,Thursday,May,May,5,2,2019
20190503,5/3/2019,Friday,May,May,5,2,2019
20190504,5/4/2019,Saturday,May,May,5,2,2019
20190505,5/5/2019,Sunday,May,May,5,2,2019
20190506,5/6/2019,Monday,May,May,5,2,2019
20190507,5/7/2019,Tuesday,May,May,5,2,2019
20190508,5/8/2019,Wednesday,May,May,5,2,2019
20190509,5/9/2019,Thursday,May,May,5,2,2019
20190510,5/10/2019,Friday,May,May,5,2,2019
20190511,5/11/2019,Saturday,May,May,5,2,2019
20190512,5/12/2019,Sunday,May,May,5,2,2019
20190513,5/13/2019,Monday,May,May,5,2,2019
20190514,5/14/2019,Tuesday,May,May,5,2,2019
20190515,5/15/2019,Wednesday,May,May,5,2,2019
20190516,5/16/2019,Thursday,May,May,5,2,2019
20190517,5/17/2019,Friday,May,May,5,2,2019
20190518,5/18/2019,Saturday,May,May,5,2,2019
20190519,5/19/2019,Sunday,May,May,5,2,2019
20190520,5/20/2019,Monday,May,May,5,2,2019
20190521,5/21/2019,Tuesday,May,May,5,2,2019
20190522,5/22/2019,Wednesday,May,May,5,2,2019
20190523,5/23/2019,Thursday,May,May,5,2,2019
20190524,5/24/2019,Friday,May,May,5,2,2019
20190525,5/25/2019,Saturday,May,May,5,2,2019
20190526,5/26/2019,Sunday,May,May,5,2,2019
20190527,5/27/2019,Monday,May,May,5,2,2019
20190528,5/28/2019,Tuesday,May,May,5,2,2019
20190529,5/29/2019,Wednesday,May,May,5,2,2019
20190530,5/30/2019,Thursday,May,May,5,2,2019
20190531,5/31/2019,Friday,May,May,5,2,2019
20190601,6/1/2019,Saturday,June,Jun,6,2,2019
20190602,6/2/2019,Sunday,June,Jun,6,2,2019
20190603,6/3/2019,Monday,June,Jun,6,2,2019
20190604,6/4/2019,Tuesday,June,Jun,6,2,2019
20190605,6/5/2019,Wednesday,June,Jun,6,2,2019
20190606,6/6/2019,Thursday,June,Jun,6,2,2019
20190607,6/7/2019,Friday,June,Jun,6,2,2019
20190608,6/8/2019,Saturday,June,Jun,6,2,2019
20190609,6/9/2019,Sunday,June,Jun,6,2,2019
20190610,6/10/2019,Monday,June,Jun,6,2,2019
20190611,6/11/2019,Tuesday,June,Jun,6,2,2019
20190612,6/12/2019,Wednesday,June,Jun,6,2,2019
20190613,6/13/2019,Thursday,June,Jun,6,2,2019
20190614,6/14/2019,Friday,June,Jun,6,2,2019
20190615,6/15/2019,Saturday,June,Jun,6,2,2019
20190616,6/16/2019,Sunday,June,Jun,6,2,2019
20190617,6/17/2019,Monday,June,Jun,6,2,2019
20190618,6/18/2019,Tuesday,June,Jun,6,2,2019
20190619,6/19/2019,Wednesday,June,Jun,6,2,2019
20190620,6/20/2019,Thursday,June,Jun,6,2,2019
20190621,6/21/2019,Friday,June,Jun,6,2,2019
20190622,6/22/2019,Saturday,June,Jun,6,2,2019
20190623,6/23/2019,Sunday,June,Jun,6,2,2019
20190624,6/24/2019,Monday,June,Jun,6,2,2019
20190625,6/25/2019,Tuesday,June,Jun,6,2,2019
20190626,6/26/2019,Wednesday,June,Jun,6,2,2019
20190627,6/27/2019,Thursday,June,Jun,6,2,2019
20190628,6/28/2019,Friday,June,Jun,6,2,2019
20190629,6/29/2019,Saturday,June,Jun,6,2,2019
20190630,6/30/2019,Sunday,June,Jun,6,2,2019
20190701,7/1/2019,Monday,July,Jul,7,3,2019
20190702,7/2/2019,Tuesday,July,Jul,7,3,2019
20190703,7/3/2019,Wednesday,July,Jul,7,3,2019
20190704,7/4/2019,Thursday,July,Jul,7,3,2019
20190705,7/5/2019,Friday,July,Jul,7,3,2019
20190706,7/6/2019,Saturday,July,Jul,7,3,2019
20190707,7/7/2019,Sunday,July,Jul,7,3,2019
20190708,7/8/2019,Monday,July,Jul,7,3,2019
20190709,7/9/2019,Tuesday,July,Jul,7,3,2019
20190710,7/10/2019,Wednesday,July,Jul,7,3,2019
20190711,7/11/2019,Thursday,July,Jul,7,3,2019
20190712,7/12/2019,Friday,July,Jul,7,3,2019
20190713,7/13/2019,Saturday,July,Jul,7,3,2019
20190714,7/14/2019,Sunday,July,Jul,7,3,2019
20190715,7/15/2019,Monday,July,Jul,7,3,2019
20190716,7/16/2019,Tuesday,July,Jul,7,3,2019
20190717,7/17/2019,Wednesday,July,Jul,7,3,2019
20190718,7/18/2019,Thursday,July,Jul,7,3,2019
20190719,7/19/2019,Friday,July,Jul,7,3,2019
20190720,7/20/2019,Saturday,July,Jul,7,3,2019
20190721,7/21/2019,Sunday,July,Jul,7,3,2019
20190722,7/22/2019,Monday,July,Jul,7,3,2019
20190723,7/23/2019,Tuesday,July,Jul,7,3,2019
20190724,7/24/2019,Wednesday,July,Jul,7,3,2019
20190725,7/25/2019,Thursday,July,Jul,7,3,2019
20190726,7/26/2019,Friday,July,Jul,7,3,2019
20190727,7/27/2019,Saturday,July,Jul,7,3,2019
20190728,7/28/2019,Sunday,July,Jul,7,3,2019
20190729,7/29/2019,Monday,July,Jul,7,3,2019
20190730,7/30/2019,Tuesday,July,Jul,7,3,2019
20190731,7/31/2019,Wednesday,July,Jul,7,3,2019
20190801,8/1/2019,Thursday,August,Aug,8,3,2019
20190802,8/2/2019,Friday,August,Aug,8,3,2019
20190803,8/3/2019,Saturday,August,Aug,8,3,2019
20190804,8/4/2019,Sunday,August,Aug,8,3,2019
20190805,8/5/2019,Monday,August,Aug,8,3,2019
20190806,8/6/2019,Tuesday,August,Aug,8,3,2019
20190807,8/7/2019,Wednesday,August,Aug,8,3,2019
20190808,8/8/2019,Thursday,August,Aug,8,3,2019
20190809,8/9/2019,Friday,August,Aug,8,3,2019
20190810,8/10/2019,Saturday,August,Aug,8,3,2019
20190811,8/11/2019,Sunday,August,Aug,8,3,2019
20190812,8/12/2019,Monday,August,Aug,8,3,2019
20190813,8/13/2019,Tuesday,August,Aug,8,3,2019
20190814,8/14/2019,Wednesday,August,Aug,8,3,2019
20190815,8/15/2019,Thursday,August,Aug,8,3,2019
20190816,8/16/2019,Friday,August,Aug,8,3,2019
20190817,8/17/2019,Saturday,August,Aug,8,3,2019
20190818,8/18/2019,Sunday,August,Aug,8,3,2019
20190819,8/19/2019,Monday,August,Aug,8,3,2019
20190820,8/20/2019,Tuesday,August,Aug,8,3,2019
20190821,8/21/2019,Wednesday,August,Aug,8,3,2019
20190822,8/22/2019,Thursday,August,Aug,8,3,2019
20190823,8/23/2019,Friday,August,Aug,8,3,2019
20190824,8/24/2019,Saturday,August,Aug,8,3,2019
20190825,8/25/2019,Sunday,August,Aug,8,3,2019
20190826,8/26/2019,Monday,August,Aug,8,3,2019
20190827,8/27/2019,Tuesday,August,Aug,8,3,2019
20190828,8/28/2019,Wednesday,August,Aug,8,3,2019
20190829,8/29/2019,Thursday,August,Aug,8,3,2019
20190830,8/30/2019,Friday,August,Aug,8,3,2019
20190831,8/31/2019,Saturday,August,Aug,8,3,2019
20190901,9/1/2019,Sunday,September,Sep,9,3,2019
20190902,9/2/2019,Monday,September,Sep,9,3,2019
20190903,9/3/2019,Tuesday,September,Sep,9,3,2019
20190904,9/4/2019,Wednesday,September,Sep,9,3,2019
20190905,9/5/2019,Thursday,September,Sep,9,3,2019
20190906,9/6/2019,Friday,September,Sep,9,3,2019
20190907,9/7/2019,Saturday,September,Sep,9,3,2019
20190908,9/8/2019,Sunday,September,Sep,9,3,2019
20190909,9/9/2019,Monday,September,Sep,9,3,2019
20190910,9/10/2019,Tuesday,September,Sep,9,3,2019
20190911,9/11/2019,Wednesday,September,Sep,9,3,2019
20190912,9/12/2019,Thursday,September,Sep,9,3,2019
20190913,9/13/2019,Friday,September,Sep,9,3,2019
20190914,9/14/2019,Saturday,September,Sep,9,3,2019
20190915,9/15/2019,Sunday,September,Sep,9,3,2019
20190916,9/16/2019,Monday,September,Sep,9,3,2019
20190917,9/17/2019,Tuesday,September,Sep,9,3,2019
20190918,9/18/2019,Wednesday,September,Sep,9,3,2019
20190919,9/19/2019,Thursday,September,Sep,9,3,2019
20190920,9/20/2019,Friday,September,Sep,9,3,2019
20190921,9/21/2019,Saturday,September,Sep,9,3,2019
20190922,9/22/2019,Sunday,September,Sep,9,3,2019
20190923,9/23/2019,Monday,September,Sep,9,3,2019
20190924,9/24/2019,Tuesday,September,Sep,9,3,2019
20190925,9/25/2019,Wednesday,September,Sep,9,3,2019
20190926,9/26/2019,Thursday,September,Sep,9,3,2019
20190927,9/27/2019,Friday,September,Sep,9,3,2019
20190928,9/28/2019,Saturday,September,Sep,9,3,2019
20190929,9/29/2019,Sunday,September,Sep,9,3,2019
20190930,9/30/2019,Monday,September,Sep,9,3,2019
20191001,10/1/2019,Tuesday,October,Oct,10,4,2019
20191002,10/2/2019,Wednesday,October,Oct,10,4,2019
20191003,10/3/2019,Thursday,October,Oct,10,4,2019
20191004,10/4/2019,Friday,October,Oct,10,4,2019
20191005,10/5/2019,Saturday,October,Oct,10,4,2019
20191006,10/6/2019,Sunday,October,Oct,10,4,2019
20191007,10/7/2019,Monday,October,Oct,10,4,2019
20191008,10/8/2019,Tuesday,October,Oct,10,4,2019
20191009,10/9/2019,Wednesday,October,Oct,10,4,2019
20191010,10/10/2019,Thursday,October,Oct,10,4,2019
20191011,10/11/2019,Friday,October,Oct,10,4,2019
20191012,10/12/2019,Saturday,October,Oct,10,4,2019
20191013,10/13/2019,Sunday,October,Oct,10,4,2019
20191014,10/14/2019,Monday,October,Oct,10,4,2019
20191015,10/15/2019,Tuesday,October,Oct,10,4,2019
20191016,10/16/2019,Wednesday,October,Oct,10,4,2019
20191017,10/17/2019,Thursday,October,Oct,10,4,2019
20191018,10/18/2019,Friday,October,Oct,10,4,2019
20191019,10/19/2019,Saturday,October,Oct,10,4,2019
20191020,10/20/2019,Sunday,October,Oct,10,4,2019
20191021,10/21/2019,Monday,October,Oct,10,4,2019
20191022,10/22/2019,Tuesday,October,Oct,10,4,2019
20191023,10/23/2019,Wednesday,October,Oct,10,4,2019
20191024,10/24/2019,Thursday,October,Oct,10,4,2019
20191025,10/25/2019,Friday,October,Oct,10,4,2019
20191026,10/26/2019,Saturday,October,Oct,10,4,2019
20191027,10/27/2019,Sunday,October,Oct,10,4,2019
20191028,10/28/2019,Monday,October,Oct,10,4,2019
20191029,10/29/2019,Tuesday,October,Oct,10,4,2019
20191030,10/30/2019,Wednesday,October,Oct,10,4,2019
20191031,10/31/2019,Thursday,October,Oct,10,4,2019
20191101,11/1/2019,Friday,November,Nov,11,4,2019
20191102,11/2/2019,Saturday,November,Nov,11,4,2019
20191103,11/3/2019,Sunday,November,Nov,11,4,2019
20191104,11/4/2019,Monday,November,Nov,11,4,2019
20191105,11/5/2019,Tuesday,November,Nov,11,4,2019
20191106,11/6/2019,Wednesday,November,Nov,11,4,2019
20191107,11/7/2019,Thursday,November,Nov,11,4,2019
20191108,11/8/2019,Friday,November,Nov,11,4,2019
20191109,11/9/2019,Saturday,November,Nov,11,4,2019
20191110,11/10/2019,Sunday,November,Nov,11,4,2019
20191111,11/11/2019,Monday,November,Nov,11,4,2019
20191112,11/12/2019,Tuesday,November,Nov,11,4,2019
20191113,11/13/2019,Wednesday,November,Nov,11,4,2019
20191114,11/14/2019,Thursday,November,Nov,11,4,2019
20191115,11/15/2019,Friday,November,Nov,11,4,2019
20191116,11/16/2019,Saturday,November,Nov,11,4,2019
20191117,11/17/2019,Sunday,November,Nov,11,4,2019
20191118,11/18/2019,Monday,November,Nov,11,4,2019
20191119,11/19/2019,Tuesday,November,Nov,11,4,2019
20191120,11/20/2019,Wednesday,November,Nov,11,4,2019
20191121,11/21/2019,Thursday,November,Nov,11,4,2019
20191122,11/22/2019,Friday,November,Nov,11,4,2019
20191123,11/23/2019,Saturday,November,Nov,11,4,2019
20191124,11/24/2019,Sunday,November,Nov,11,4,2019
20191125,11/25/2019,Monday,November,Nov,11,4,2019
20191126,11/26/2019,Tuesday,November,Nov,11,4,2019
20191127,11/27/2019,Wednesday,November,Nov,11,4,2019
20191128,11/28/2019,Thursday,November,Nov,11,4,2019
20191129,11/29/2019,Friday,November,Nov,11,4,2019
20191130,11/30/2019,Saturday,November,Nov,11,4,2019
20191201,12/1/2019,Sunday,December,Dec,12,4,2019
20191202,12/2/2019,Monday,December,Dec,12,4,2019
20191203,12/3/2019,Tuesday,December,Dec,12,4,2019
20191204,12/4/2019,Wednesday,December,Dec,12,4,2019
20191205,12/5/2019,Thursday,December,Dec,12,4,2019
20191206,12/6/2019,Friday,December,Dec,12,4,2019
20191207,12/7/2019,Saturday,December,Dec,12,4,2019
20191208,12/8/2019,Sunday,December,Dec,12,4,2019
20191209,12/9/2019,Monday,December,Dec,12,4,2019
20191210,12/10/2019,Tuesday,December,Dec,12,4,2019
20191211,12/11/2019,Wednesday,December,Dec,12,4,2019
20191212,12/12/2019,Thursday,December,Dec,12,4,2019
20191213,12/13/2019,Friday,December,Dec,12,4,2019
20191214,12/14/2019,Saturday,December,Dec,12,4,2019
20191215,12/15/2019,Sunday,December,Dec,12,4,2019
20191216,12/16/2019,Monday,December,Dec,12,4,2019
20191217,12/17/2019,Tuesday,December,Dec,12,4,2019
20191218,12/18/2019,Wednesday,December,Dec,12,4,2019
20191219,12/19/2019,Thursday,December,Dec,12,4,2019
20191220,12/20/2019,Friday,December,Dec,12,4,2019
20191221,12/21/2019,Saturday,December,Dec,12,4,2019
20191222,12/22/2019,Sunday,December,Dec,12,4,2019
20191223,12/23/2019,Monday,December,Dec,12,4,2019
20191224,12/24/2019,Tuesday,December,Dec,12,4,2019
20191225,12/25/2019,Wednesday,December,Dec,12,4,2019
20191226,12/26/2019,Thursday,December,Dec,12,4,2019
20191227,12/27/2019,Friday,December,Dec,12,4,2019
20191228,12/28/2019,Saturday,December,Dec,12,4,2019
20191229,12/29/2019,Sunday,December,Dec,12,4,2019
20191230,12/30/2019,Monday,December,Dec,12,4,2019
20191231,12/31/2019,Tuesday,December,Dec,12,4,2019
20200101,1/1/2020,Wednesday,January,Jan,1,1,2020
20200102,1/2/2020,Thursday,January,Jan,1,1,2020
20200103,1/3/2020,Friday,January,Jan,1,1,2020
20200104,1/4/2020,Saturday,January,Jan,1,1,2020
20200105,1/5/2020,Sunday,January,Jan,1,1,2020
20200106,1/6/2020,Monday,January,Jan,1,1,2020
20200107,1/7/2020,Tuesday,January,Jan,1,1,2020
20200108,1/8/2020,Wednesday,January,Jan,1,1,2020
20200109,1/9/2020,Thursday,January,Jan,1,1,2020
20200110,1/10/2020,Friday,January,Jan,1,1,2020
20200111,1/11/2020,Saturday,January,Jan,1,1,2020
20200112,1/12/2020,Sunday,January,Jan,1,1,2020
20200113,1/13/2020,Monday,January,Jan,1,1,2020
20200114,1/14/2020,Tuesday,January,Jan,1,1,2020
20200115,1/15/2020,Wednesday,January,Jan,1,1,2020
20200116,1/16/2020,Thursday,January,Jan,1,1,2020
20200117,1/17/2020,Friday,January,Jan,1,1,2020
20200118,1/18/2020,Saturday,January,Jan,1,1,2020
20200119,1/19/2020,Sunday,January,Jan,1,1,2020
20200120,1/20/2020,Monday,January,Jan,1,1,2020
20200121,1/21/2020,Tuesday,January,Jan,1,1,2020
20200122,1/22/2020,Wednesday,January,Jan,1,1,2020
20200123,1/23/2020,Thursday,January,Jan,1,1,2020
20200124,1/24/2020,Friday,January,Jan,1,1,2020
20200125,1/25/2020,Saturday,January,Jan,1,1,2020
20200126,1/26/2020,Sunday,January,Jan,1,1,2020
20200127,1/27/2020,Monday,January,Jan,1,1,2020
20200128,1/28/2020,Tuesday,January,Jan,1,1,2020
20200129,1/29/2020,Wednesday,January,Jan,1,1,2020
20200130,1/30/2020,Thursday,January,Jan,1,1,2020
20200131,1/31/2020,Friday,January,Jan,1,1,2020
20200201,2/1/2020,Saturday,February,Feb,2,1,2020
20200202,2/2/2020,Sunday,February,Feb,2,1,2020
20200203,2/3/2020,Monday,February,Feb,2,1,2020
20200204,2/4/2020,Tuesday,February,Feb,2,1,2020
20200205,2/5/2020,Wednesday,February,Feb,2,1,2020
20200206,2/6/2020,Thursday,February,Feb,2,1,2020
20200207,2/7/2020,Friday,February,Feb,2,1,2020
20200208,2/8/2020,Saturday,February,Feb,2,1,2020
20200209,2/9/2020,Sunday,February,Feb,2,1,2020
20200210,2/10/2020,Monday,February,Feb,2,1,2020
20200211,2/11/2020,Tuesday,February,Feb,2,1,2020
20200212,2/12/2020,Wednesday,February,Feb,2,1,2020
20200213,2/13/2020,Thursday,February,Feb,2,1,2020
20200214,2/14/2020,Friday,February,Feb,2,1,2020
20200215,2/15/2020,Saturday,February,Feb,2,1,2020
20200216,2/16/2020,Sunday,February,Feb,2,1,2020
20200217,2/17/2020,Monday,February,Feb,2,1,2020
20200218,2/18/2020,Tuesday,February,Feb,2,1,2020
20200219,2/19/2020,Wednesday,February,Feb,2,1,2020
20200220,2/20/2020,Thursday,February,Feb,2,1,2020
20200221,2/21/2020,Friday,February,Feb,2,1,2020
20200222,2/22/2020,Saturday,February,Feb,2,1,2020
20200223,2/23/2020,Sunday,February,Feb,2,1,2020
20200224,2/24/2020,Monday,February,Feb,2,1,2020
20200225,2/25/2020,Tuesday,February,Feb,2,1,2020
20200226,2/26/2020,Wednesday,February,Feb,2,1,2020
20200227,2/27/2020,Thursday,February,Feb,2,1,2020
20200228,2/28/2020,Friday,February,Feb,2,1,2020
20200229,2/29/2020,Saturday,February,Feb,2,1,2020
20200301,3/1/2020,Sunday,March,Mar,3,1,2020
20200302,3/2/2020,Monday,March,Mar,3,1,2020
20200303,3/3/2020,Tuesday,March,Mar,3,1,2020
20200304,3/4/2020,Wednesday,March,Mar,3,1,2020
20200305,3/5/2020,Thursday,March,Mar,3,1,2020
20200306,3/6/2020,Friday,March,Mar,3,1,2020
20200307,3/7/2020,Saturday,March,Mar,3,1,2020
20200308,3/8/2020,Sunday,March,Mar,3,1,2020
20200309,3/9/2020,Monday,March,Mar,3,1,2020
20200310,3/10/2020,Tuesday,March,Mar,3,1,2020
20200311,3/11/2020,Wednesday,March,Mar,3,1,2020
20200312,3/12/2020,Thursday,March,Mar,3,1,2020
20200313,3/13/2020,Friday,March,Mar,3,1,2020
20200314,3/14/2020,Saturday,March,Mar,3,1,2020
20200315,3/15/2020,Sunday,March,Mar,3,1,2020
20200316,3/16/2020,Monday,March,Mar,3,1,2020
20200317,3/17/2020,Tuesday,March,Mar,3,1,2020
20200318,3/18/2020,Wednesday,March,Mar,3,1,2020
20200319,3/19/2020,Thursday,March,Mar,3,1,2020
20200320,3/20/2020,Friday,March,Mar,3,1,2020
20200321,3/21/2020,Saturday,March,Mar,3,1,2020
20200322,3/22/2020,Sunday,March,Mar,3,1,2020
20200323,3/23/2020,Monday,March,Mar,3,1,2020
20200324,3/24/2020,Tuesday,March,Mar,3,1,2020
20200325,3/25/2020,Wednesday,March,Mar,3,1,2020
20200326,3/26/2020,Thursday,March,Mar,3,1,2020
20200327,3/27/2020,Friday,March,Mar,3,1,2020
20200328,3/28/2020,Saturday,March,Mar,3,1,2020
20200329,3/29/2020,Sunday,March,Mar,3,1,2020
20200330,3/30/2020,Monday,March,Mar,3,1,2020
20200331,3/31/2020,Tuesday,March,Mar,3,1,2020
20200401,4/1/2020,Wednesday,April,Apr,4,2,2020
20200402,4/2/2020,Thursday,April,Apr,4,2,2020
20200403,4/3/2020,Friday,April,Apr,4,2,2020
20200404,4/4/2020,Saturday,April,Apr,4,2,2020
20200405,4/5/2020,Sunday,April,Apr,4,2,2020
20200406,4/6/2020,Monday,April,Apr,4,2,2020
20200407,4/7/2020,Tuesday,April,Apr,4,2,2020
20200408,4/8/2020,Wednesday,April,Apr,4,2,2020
20200409,4/9/2020,Thursday,April,Apr,4,2,2020
20200410,4/10/2020,Friday,April,Apr,4,2,2020
20200411,4/11/2020,Saturday,April,Apr,4,2,2020
20200412,4/12/2020,Sunday,April,Apr,4,2,2020
20200413,4/13/2020,Monday,April,Apr,4,2,2020
20200414,4/14/2020,Tuesday,April,Apr,4,2,2020
20200415,4/15/2020,Wednesday,April,Apr,4,2,2020
20200416,4/16/2020,Thursday,April,Apr,4,2,2020
20200417,4/17/2020,Friday,April,Apr,4,2,2020
20200418,4/18/2020,Saturday,April,Apr,4,2,2020
20200419,4/19/2020,Sunday,April,Apr,4,2,2020
20200420,4/20/2020,Monday,April,Apr,4,2,2020
20200421,4/21/2020,Tuesday,April,Apr,4,2,2020
20200422,4/22/2020,Wednesday,April,Apr,4,2,2020
20200423,4/23/2020,Thursday,April,Apr,4,2,2020
20200424,4/24/2020,Friday,April,Apr,4,2,2020
20200425,4/25/2020,Saturday,April,Apr,4,2,2020
20200426,4/26/2020,Sunday,April,Apr,4,2,2020
20200427,4/27/2020,Monday,April,Apr,4,2,2020
20200428,4/28/2020,Tuesday,April,Apr,4,2,2020
20200429,4/29/2020,Wednesday,April,Apr,4,2,2020
20200430,4/30/2020,Thursday,April,Apr,4,2,2020
20200501,5/1/2020,Friday,May,May,5,2,2020
20200502,5/2/2020,Saturday,May,May,5,2,2020
20200503,5/3/2020,Sunday,May,May,5,2,2020
20200504,5/4/2020,Monday,May,May,5,2,2020
20200505,5/5/2020,Tuesday,May,May,5,2,2020
20200506,5/6/2020,Wednesday,May,May,5,2,2020
20200507,5/7/2020,Thursday,May,May,5,2,2020
20200508,5/8/2020,Friday,May,May,5,2,2020
20200509,5/9/2020,Saturday,May,May,5,2,2020
20200510,5/10/2020,Sunday,May,May,5,2,2020
20200511,5/11/2020,Monday,May,May,5,2,2020
20200512,5/12/2020,Tuesday,May,May,5,2,2020
20200513,5/13/2020,Wednesday,May,May,5,2,2020
20200514,5/14/2020,Thursday,May,May,5,2,2020
20200515,5/15/2020,Friday,May,May,5,2,2020
20200516,5/16/2020,Saturday,May,May,5,2,2020
20200517,5/17/2020,Sunday,May,May,5,2,2020
20200518,5/18/2020,Monday,May,May,5,2,2020
20200519,5/19/2020,Tuesday,May,May,5,2,2020
20200520,5/20/2020,Wednesday,May,May,5,2,2020
20200521,5/21/2020,Thursday,May,May,5,2,2020
20200522,5/22/2020,Friday,May,May,5,2,2020
20200523,5/23/2020,Saturday,May,May,5,2,2020
20200524,5/24/2020,Sunday,May,May,5,2,2020
20200525,5/25/2020,Monday,May,May,5,2,2020
20200526,5/26/2020,Tuesday,May,May,5,2,2020
20200527,5/27/2020,Wednesday,May,May,5,2,2020
20200528,5/28/2020,Thursday,May,May,5,2,2020
20200529,5/29/2020,Friday,May,May,5,2,2020
20200530,5/30/2020,Saturday,May,May,5,2,2020
20200531,5/31/2020,Sunday,May,May,5,2,2020
20200601,6/1/2020,Monday,June,Jun,6,2,2020
20200602,6/2/2020,Tuesday,June,Jun,6,2,2020
20200603,6/3/2020,Wednesday,June,Jun,6,2,2020
20200604,6/4/2020,Thursday,June,Jun,6,2,2020
20200605,6/5/2020,Friday,June,Jun,6,2,2020
20200606,6/6/2020,Saturday,June,Jun,6,2,2020
20200607,6/7/2020,Sunday,June,Jun,6,2,2020
20200608,6/8/2020,Monday,June,Jun,6,2,2020
20200609,6/9/2020,Tuesday,June,Jun,6,2,2020
20200610,6/10/2020,Wednesday,June,Jun,6,2,2020
20200611,6/11/2020,Thursday,June,Jun,6,2,2020
20200612,6/12/2020,Friday,June,Jun,6,2,2020
20200613,6/13/2020,Saturday,June,Jun,6,2,2020
20200614,6/14/2020,Sunday,June,Jun,6,2,2020
20200615,6/15/2020,Monday,June,Jun,6,2,2020
20200616,6/16/2020,Tuesday,June,Jun,6,2,2020
20200617,6/17/2020,Wednesday,June,Jun,6,2,2020
20200618,6/18/2020,Thursday,June,Jun,6,2,2020
20200619,6/19/2020,Friday,June,Jun,6,2,2020
20200620,6/20/2020,Saturday,June,Jun,6,2,2020
20200621,6/21/2020,Sunday,June,Jun,6,2,2020
20200622,6/22/2020,Monday,June,Jun,6,2,2020
20200623,6/23/2020,Tuesday,June,Jun,6,2,2020
20200624,6/24/2020,Wednesday,June,Jun,6,2,2020
20200625,6/25/2020,Thursday,June,Jun,6,2,2020
20200626,6/26/2020,Friday,June,Jun,6,2,2020
20200627,6/27/2020,Saturday,June,Jun,6,2,2020
20200628,6/28/2020,Sunday,June,Jun,6,2,2020
20200629,6/29/2020,Monday,June,Jun,6,2,2020
20200630,6/30/2020,Tuesday,June,Jun,6,2,2020
20200701,7/1/2020,Wednesday,July,Jul,7,3,2020
20200702,7/2/2020,Thursday,July,Jul,7,3,2020
20200703,7/3/2020,Friday,July,Jul,7,3,2020
20200704,7/4/2020,Saturday,July,Jul,7,3,2020
20200705,7/5/2020,Sunday,July,Jul,7,3,2020
20200706,7/6/2020,Monday,July,Jul,7,3,2020
20200707,7/7/2020,Tuesday,July,Jul,7,3,2020
20200708,7/8/2020,Wednesday,July,Jul,7,3,2020
20200709,7/9/2020,Thursday,July,Jul,7,3,2020
20200710,7/10/2020,Friday,July,Jul,7,3,2020
20200711,7/11/2020,Saturday,July,Jul,7,3,2020
20200712,7/12/2020,Sunday,July,Jul,7,3,2020
20200713,7/13/2020,Monday,July,Jul,7,3,2020
20200714,7/14/2020,Tuesday,July,Jul,7,3,2020
20200715,7/15/2020,Wednesday,July,Jul,7,3,2020
20200716,7/16/2020,Thursday,July,Jul,7,3,2020
20200717,7/17/2020,Friday,July,Jul,7,3,2020
20200718,7/18/2020,Saturday,July,Jul,7,3,2020
20200719,7/19/2020,Sunday,July,Jul,7,3,2020
20200720,7/20/2020,Monday,July,Jul,7,3,2020
20200721,7/21/2020,Tuesday,July,Jul,7,3,2020
20200722,7/22/2020,Wednesday,July,Jul,7,3,2020
20200723,7/23/2020,Thursday,July,Jul,7,3,2020
20200724,7/24/2020,Friday,July,Jul,7,3,2020
20200725,7/25/2020,Saturday,July,Jul,7,3,2020
20200726,7/26/2020,Sunday,July,Jul,7,3,2020
20200727,7/27/2020,Monday,July,Jul,7,3,2020
20200728,7/28/2020,Tuesday,July,Jul,7,3,2020
20200729,7/29/2020,Wednesday,July,Jul,7,3,2020
20200730,7/30/2020,Thursday,July,Jul,7,3,2020
20200731,7/31/2020,Friday,July,Jul,7,3,2020
20200801,8/1/2020,Saturday,August,Aug,8,3,2020
20200802,8/2/2020,Sunday,August,Aug,8,3,2020
20200803,8/3/2020,Monday,August,Aug,8,3,2020
20200804,8/4/2020,Tuesday,August,Aug,8,3,2020
20200805,8/5/2020,Wednesday,August,Aug,8,3,2020
20200806,8/6/2020,Thursday,August,Aug,8,3,2020
20200807,8/7/2020,Friday,August,Aug,8,3,2020
20200808,8/8/2020,Saturday,August,Aug,8,3,2020
20200809,8/9/2020,Sunday,August,Aug,8,3,2020
20200810,8/10/2020,Monday,August,Aug,8,3,2020
20200811,8/11/2020,Tuesday,August,Aug,8,3,2020
20200812,8/12/2020,Wednesday,August,Aug,8,3,2020
20200813,8/13/2020,Thursday,August,Aug,8,3,2020
20200814,8/14/2020,Friday,August,Aug,8,3,2020
20200815,8/15/2020,Saturday,August,Aug,8,3,2020
20200816,8/16/2020,Sunday,August,Aug,8,3,2020
20200817,8/17/2020,Monday,August,Aug,8,3,2020
20200818,8/18/2020,Tuesday,August,Aug,8,3,2020
20200819,8/19/2020,Wednesday,August,Aug,8,3,2020
20200820,8/20/2020,Thursday,August,Aug,8,3,2020
20200821,8/21/2020,Friday,August,Aug,8,3,2020
20200822,8/22/2020,Saturday,August,Aug,8,3,2020
20200823,8/23/2020,Sunday,August,Aug,8,3,2020
20200824,8/24/2020,Monday,August,Aug,8,3,2020
20200825,8/25/2020,Tuesday,August,Aug,8,3,2020
20200826,8/26/2020,Wednesday,August,Aug,8,3,2020
20200827,8/27/2020,Thursday,August,Aug,8,3,2020
20200828,8/28/2020,Friday,August,Aug,8,3,2020
20200829,8/29/2020,Saturday,August,Aug,8,3,2020
20200830,8/30/2020,Sunday,August,Aug,8,3,2020
20200831,8/31/2020,Monday,August,Aug,8,3,2020
20200901,9/1/2020,Tuesday,September,Sep,9,3,2020
20200902,9/2/2020,Wednesday,September,Sep,9,3,2020
20200903,9/3/2020,Thursday,September,Sep,9,3,2020
20200904,9/4/2020,Friday,September,Sep,9,3,2020
20200905,9/5/2020,Saturday,September,Sep,9,3,2020
20200906,9/6/2020,Sunday,September,Sep,9,3,2020
20200907,9/7/2020,Monday,September,Sep,9,3,2020
20200908,9/8/2020,Tuesday,September,Sep,9,3,2020
20200909,9/9/2020,Wednesday,September,Sep,9,3,2020
20200910,9/10/2020,Thursday,September,Sep,9,3,2020
20200911,9/11/2020,Friday,September,Sep,9,3,2020
20200912,9/12/2020,Saturday,September,Sep,9,3,2020
20200913,9/13/2020,Sunday,September,Sep,9,3,2020
20200914,9/14/2020,Monday,September,Sep,9,3,2020
20200915,9/15/2020,Tuesday,September,Sep,9,3,2020
20200916,9/16/2020,Wednesday,September,Sep,9,3,2020
20200917,9/17/2020,Thursday,September,Sep,9,3,2020
20200918,9/18/2020,Friday,September,Sep,9,3,2020
20200919,9/19/2020,Saturday,September,Sep,9,3,2020
20200920,9/20/2020,Sunday,September,Sep,9,3,2020
20200921,9/21/2020,Monday,September,Sep,9,3,2020
20200922,9/22/2020,Tuesday,September,Sep,9,3,2020
20200923,9/23/2020,Wednesday,September,Sep,9,3,2020
20200924,9/24/2020,Thursday,September,Sep,9,3,2020
20200925,9/25/2020,Friday,September,Sep,9,3,2020
20200926,9/26/2020,Saturday,September,Sep,9,3,2020
20200927,9/27/2020,Sunday,September,Sep,9,3,2020
20200928,9/28/2020,Monday,September,Sep,9,3,2020
20200929,9/29/2020,Tuesday,September,Sep,9,3,2020
20200930,9/30/2020,Wednesday,September,Sep,9,3,2020
20201001,10/1/2020,Thursday,October,Oct,10,4,2020
20201002,10/2/2020,Friday,October,Oct,10,4,2020
20201003,10/3/2020,Saturday,October,Oct,10,4,2020
20201004,10/4/2020,Sunday,October,Oct,10,4,2020
20201005,10/5/2020,Monday,October,Oct,10,4,2020
20201006,10/6/2020,Tuesday,October,Oct,10,4,2020
20201007,10/7/2020,Wednesday,October,Oct,10,4,2020
20201008,10/8/2020,Thursday,October,Oct,10,4,2020
20201009,10/9/2020,Friday,October,Oct,10,4,2020
20201010,10/10/2020,Saturday,October,Oct,10,4,2020
20201011,10/11/2020,Sunday,October,Oct,10,4,2020
20201012,10/12/2020,Monday,October,Oct,10,4,2020
20201013,10/13/2020,Tuesday,October,Oct,10,4,2020
20201014,10/14/2020,Wednesday,October,Oct,10,4,2020
20201015,10/15/2020,Thursday,October,Oct,10,4,2020
20201016,10/16/2020,Friday,October,Oct,10,4,2020
20201017,10/17/2020,Saturday,October,Oct,10,4,2020
20201018,10/18/2020,Sunday,October,Oct,10,4,2020
20201019,10/19/2020,Monday,October,Oct,10,4,2020
20201020,10/20/2020,Tuesday,October,Oct,10,4,2020
20201021,10/21/2020,Wednesday,October,Oct,10,4,2020
20201022,10/22/2020,Thursday,October,Oct,10,4,2020
20201023,10/23/2020,Friday,October,Oct,10,4,2020
20201024,10/24/2020,Saturday,October,Oct,10,4,2020
20201025,10/25/2020,Sunday,October,Oct,10,4,2020
20201026,10/26/2020,Monday,October,Oct,10,4,2020
20201027,10/27/2020,Tuesday,October,Oct,10,4,2020
20201028,10/28/2020,Wednesday,October,Oct,10,4,2020
20201029,10/29/2020,Thursday,October,Oct,10,4,2020
20201030,10/30/2020,Friday,October,Oct,10,4,2020
20201031,10/31/2020,Saturday,October,Oct,10,4,2020
20201101,11/1/2020,Sunday,November,Nov,11,4,2020
20201102,11/2/2020,Monday,November,Nov,11,4,2020
20201103,11/3/2020,Tuesday,November,Nov,11,4,2020
20201104,11/4/2020,Wednesday,November,Nov,11,4,2020
20201105,11/5/2020,Thursday,November,Nov,11,4,2020
20201106,11/6/2020,Friday,November,Nov,11,4,2020
20201107,11/7/2020,Saturday,November,Nov,11,4,2020
20201108,11/8/2020,Sunday,November,Nov,11,4,2020
20201109,11/9/2020,Monday,November,Nov,11,4,2020
20201110,11/10/2020,Tuesday,November,Nov,11,4,2020
20201111,11/11/2020,Wednesday,November,Nov,11,4,2020
20201112,11/12/2020,Thursday,November,Nov,11,4,2020
20201113,11/13/2020,Friday,November,Nov,11,4,2020
20201114,11/14/2020,Saturday,November,Nov,11,4,2020
20201115,11/15/2020,Sunday,November,Nov,11,4,2020
20201116,11/16/2020,Monday,November,Nov,11,4,2020
20201117,11/17/2020,Tuesday,November,Nov,11,4,2020
20201118,11/18/2020,Wednesday,November,Nov,11,4,2020
20201119,11/19/2020,Thursday,November,Nov,11,4,2020
20201120,11/20/2020,Friday,November,Nov,11,4,2020
20201121,11/21/2020,Saturday,November,Nov,11,4,2020
20201122,11/22/2020,Sunday,November,Nov,11,4,2020
20201123,11/23/2020,Monday,November,Nov,11,4,2020
20201124,11/24/2020,Tuesday,November,Nov,11,4,2020
20201125,11/25/2020,Wednesday,November,Nov,11,4,2020
20201126,11/26/2020,Thursday,November,Nov,11,4,2020
20201127,11/27/2020,Friday,November,Nov,11,4,2020
20201128,11/28/2020,Saturday,November,Nov,11,4,2020
20201129,11/29/2020,Sunday,November,Nov,11,4,2020
20201130,11/30/2020,Monday,November,Nov,11,4,2020
20201201,12/1/2020,Tuesday,December,Dec,12,4,2020
20201202,12/2/2020,Wednesday,December,Dec,12,4,2020
20201203,12/3/2020,Thursday,December,Dec,12,4,2020
20201204,12/4/2020,Friday,December,Dec,12,4,2020
20201205,12/5/2020,Saturday,December,Dec,12,4,2020
20201206,12/6/2020,Sunday,December,Dec,12,4,2020
20201207,12/7/2020,Monday,December,Dec,12,4,2020
20201208,12/8/2020,Tuesday,December,Dec,12,4,2020
20201209,12/9/2020,Wednesday,December,Dec,12,4,2020
20201210,12/10/2020,Thursday,December,Dec,12,4,2020
20201211,12/11/2020,Friday,December,Dec,12,4,2020
20201212,12/12/2020,Saturday,December,Dec,12,4,2020
20201213,12/13/2020,Sunday,December,Dec,12,4,2020
20201214,12/14/2020,Monday,December,Dec,12,4,2020
20201215,12/15/2020,Tuesday,December,Dec,12,4,2020
20201216,12/16/2020,Wednesday,December,Dec,12,4,2020
20201217,12/17/2020,Thursday,December,Dec,12,4,2020
20201218,12/18/2020,Friday,December,Dec,12,4,2020
20201219,12/19/2020,Saturday,December,Dec,12,4,2020
20201220,12/20/2020,Sunday,December,Dec,12,4,2020
20201221,12/21/2020,Monday,December,Dec,12,4,2020
20201222,12/22/2020,Tuesday,December,Dec,12,4,2020
20201223,12/23/2020,Wednesday,December,Dec,12,4,2020
20201224,12/24/2020,Thursday,December,Dec,12,4,2020
20201225,12/25/2020,Friday,December,Dec,12,4,2020
20201226,12/26/2020,Saturday,December,Dec,12,4,2020
20201227,12/27/2020,Sunday,December,Dec,12,4,2020
20201228,12/28/2020,Monday,December,Dec,12,4,2020
20201229,12/29/2020,Tuesday,December,Dec,12,4,2020
20201230,12/30/2020,Wednesday,December,Dec,12,4,2020
20201231,12/31/2020,Thursday,December,Dec,12,4,2020
20210101,1/1/2021,Friday,January,Jan,1,1,2021
20210102,1/2/2021,Saturday,January,Jan,1,1,2021
20210103,1/3/2021,Sunday,January,Jan,1,1,2021
20210104,1/4/2021,Monday,January,Jan,1,1,2021
20210105,1/5/2021,Tuesday,January,Jan,1,1,2021
20210106,1/6/2021,Wednesday,January,Jan,1,1,2021
20210107,1/7/2021,Thursday,January,Jan,1,1,2021
20210108,1/8/2021,Friday,January,Jan,1,1,2021
20210109,1/9/2021,Saturday,January,Jan,1,1,2021
20210110,1/10/2021,Sunday,January,Jan,1,1,2021
20210111,1/11/2021,Monday,January,Jan,1,1,2021
20210112,1/12/2021,Tuesday,January,Jan,1,1,2021
20210113,1/13/2021,Wednesday,January,Jan,1,1,2021
20210114,1/14/2021,Thursday,January,Jan,1,1,2021
20210115,1/15/2021,Friday,January,Jan,1,1,2021
20210116,1/16/2021,Saturday,January,Jan,1,1,2021
20210117,1/17/2021,Sunday,January,Jan,1,1,2021
20210118,1/18/2021,Monday,January,Jan,1,1,2021
20210119,1/19/2021,Tuesday,January,Jan,1,1,2021
20210120,1/20/2021,Wednesday,January,Jan,1,1,2021
20210121,1/21/2021,Thursday,January,Jan,1,1,2021
20210122,1/22/2021,Friday,January,Jan,1,1,2021
20210123,1/23/2021,Saturday,January,Jan,1,1,2021
20210124,1/24/2021,Sunday,January,Jan,1,1,2021
20210125,1/25/2021,Monday,January,Jan,1,1,2021
20210126,1/26/2021,Tuesday,January,Jan,1,1,2021
20210127,1/27/2021,Wednesday,January,Jan,1,1,2021
20210128,1/28/2021,Thursday,January,Jan,1,1,2021
20210129,1/29/2021,Friday,January,Jan,1,1,2021
20210130,1/30/2021,Saturday,January,Jan,1,1,2021
20210131,1/31/2021,Sunday,January,Jan,1,1,2021
20210201,2/1/2021,Monday,February,Feb,2,1,2021
20210202,2/2/2021,Tuesday,February,Feb,2,1,2021
20210203,2/3/2021,Wednesday,February,Feb,2,1,2021
20210204,2/4/2021,Thursday,February,Feb,2,1,2021
20210205,2/5/2021,Friday,February,Feb,2,1,2021
20210206,2/6/2021,Saturday,February,Feb,2,1,2021
20210207,2/7/2021,Sunday,February,Feb,2,1,2021
20210208,2/8/2021,Monday,February,Feb,2,1,2021
20210209,2/9/2021,Tuesday,February,Feb,2,1,2021
20210210,2/10/2021,Wednesday,February,Feb,2,1,2021
20210211,2/11/2021,Thursday,February,Feb,2,1,2021
20210212,2/12/2021,Friday,February,Feb,2,1,2021
20210213,2/13/2021,Saturday,February,Feb,2,1,2021
20210214,2/14/2021,Sunday,February,Feb,2,1,2021
20210215,2/15/2021,Monday,February,Feb,2,1,2021
20210216,2/16/2021,Tuesday,February,Feb,2,1,2021
20210217,2/17/2021,Wednesday,February,Feb,2,1,2021
20210218,2/18/2021,Thursday,February,Feb,2,1,2021
20210219,2/19/2021,Friday,February,Feb,2,1,2021
20210220,2/20/2021,Saturday,February,Feb,2,1,2021
20210221,2/21/2021,Sunday,February,Feb,2,1,2021
20210222,2/22/2021,Monday,February,Feb,2,1,2021
20210223,2/23/2021,Tuesday,February,Feb,2,1,2021
20210224,2/24/2021,Wednesday,February,Feb,2,1,2021
20210225,2/25/2021,Thursday,February,Feb,2,1,2021
20210226,2/26/2021,Friday,February,Feb,2,1,2021
20210227,2/27/2021,Saturday,February,Feb,2,1,2021
20210228,2/28/2021,Sunday,February,Feb,2,1,2021
20210301,3/1/2021,Monday,March,Mar,3,1,2021
20210302,3/2/2021,Tuesday,March,Mar,3,1,2021
20210303,3/3/2021,Wednesday,March,Mar,3,1,2021
20210304,3/4/2021,Thursday,March,Mar,3,1,2021
20210305,3/5/2021,Friday,March,Mar,3,1,2021
20210306,3/6/2021,Saturday,March,Mar,3,1,2021
20210307,3/7/2021,Sunday,March,Mar,3,1,2021
20210308,3/8/2021,Monday,March,Mar,3,1,2021
20210309,3/9/2021,Tuesday,March,Mar,3,1,2021
20210310,3/10/2021,Wednesday,March,Mar,3,1,2021
20210311,3/11/2021,Thursday,March,Mar,3,1,2021
20210312,3/12/2021,Friday,March,Mar,3,1,2021
20210313,3/13/2021,Saturday,March,Mar,3,1,2021
20210314,3/14/2021,Sunday,March,Mar,3,1,2021
20210315,3/15/2021,Monday,March,Mar,3,1,2021
20210316,3/16/2021,Tuesday,March,Mar,3,1,2021
20210317,3/17/2021,Wednesday,March,Mar,3,1,2021
20210318,3/18/2021,Thursday,March,Mar,3,1,2021
20210319,3/19/2021,Friday,March,Mar,3,1,2021
20210320,3/20/2021,Saturday,March,Mar,3,1,2021
20210321,3/21/2021,Sunday,March,Mar,3,1,2021
20210322,3/22/2021,Monday,March,Mar,3,1,2021
20210323,3/23/2021,Tuesday,March,Mar,3,1,2021
20210324,3/24/2021,Wednesday,March,Mar,3,1,2021
20210325,3/25/2021,Thursday,March,Mar,3,1,2021
20210326,3/26/2021,Friday,March,Mar,3,1,2021
20210327,3/27/2021,Saturday,March,Mar,3,1,2021
20210328,3/28/2021,Sunday,March,Mar,3,1,2021
20210329,3/29/2021,Monday,March,Mar,3,1,2021
20210330,3/30/2021,Tuesday,March,Mar,3,1,2021
20210331,3/31/2021,Wednesday,March,Mar,3,1,2021
20210401,4/1/2021,Thursday,April,Apr,4,2,2021
20210402,4/2/2021,Friday,April,Apr,4,2,2021
20210403,4/3/2021,Saturday,April,Apr,4,2,2021
20210404,4/4/2021,Sunday,April,Apr,4,2,2021
20210405,4/5/2021,Monday,April,Apr,4,2,2021
20210406,4/6/2021,Tuesday,April,Apr,4,2,2021
20210407,4/7/2021,Wednesday,April,Apr,4,2,2021
20210408,4/8/2021,Thursday,April,Apr,4,2,2021
20210409,4/9/2021,Friday,April,Apr,4,2,2021
20210410,4/10/2021,Saturday,April,Apr,4,2,2021
20210411,4/11/2021,Sunday,April,Apr,4,2,2021
20210412,4/12/2021,Monday,April,Apr,4,2,2021
20210413,4/13/2021,Tuesday,April,Apr,4,2,2021
20210414,4/14/2021,Wednesday,April,Apr,4,2,2021
20210415,4/15/2021,Thursday,April,Apr,4,2,2021
20210416,4/16/2021,Friday,April,Apr,4,2,2021
20210417,4/17/2021,Saturday,April,Apr,4,2,2021
20210418,4/18/2021,Sunday,April,Apr,4,2,2021
20210419,4/19/2021,Monday,April,Apr,4,2,2021
20210420,4/20/2021,Tuesday,April,Apr,4,2,2021
20210421,4/21/2021,Wednesday,April,Apr,4,2,2021
20210422,4/22/2021,Thursday,April,Apr,4,2,2021
20210423,4/23/2021,Friday,April,Apr,4,2,2021
20210424,4/24/2021,Saturday,April,Apr,4,2,2021
20210425,4/25/2021,Sunday,April,Apr,4,2,2021
20210426,4/26/2021,Monday,April,Apr,4,2,2021
20210427,4/27/2021,Tuesday,April,Apr,4,2,2021
20210428,4/28/2021,Wednesday,April,Apr,4,2,2021
20210429,4/29/2021,Thursday,April,Apr,4,2,2021
20210430,4/30/2021,Friday,April,Apr,4,2,2021
20210501,5/1/2021,Saturday,May,May,5,2,2021
20210502,5/2/2021,Sunday,May,May,5,2,2021
20210503,5/3/2021,Monday,May,May,5,2,2021
20210504,5/4/2021,Tuesday,May,May,5,2,2021
20210505,5/5/2021,Wednesday,May,May,5,2,2021
20210506,5/6/2021,Thursday,May,May,5,2,2021
20210507,5/7/2021,Friday,May,May,5,2,2021
20210508,5/8/2021,Saturday,May,May,5,2,2021
20210509,5/9/2021,Sunday,May,May,5,2,2021
20210510,5/10/2021,Monday,May,May,5,2,2021
20210511,5/11/2021,Tuesday,May,May,5,2,2021
20210512,5/12/2021,Wednesday,May,May,5,2,2021
20210513,5/13/2021,Thursday,May,May,5,2,2021
20210514,5/14/2021,Friday,May,May,5,2,2021
20210515,5/15/2021,Saturday,May,May,5,2,2021
20210516,5/16/2021,Sunday,May,May,5,2,2021
20210517,5/17/2021,Monday,May,May,5,2,2021
20210518,5/18/2021,Tuesday,May,May,5,2,2021
20210519,5/19/2021,Wednesday,May,May,5,2,2021
20210520,5/20/2021,Thursday,May,May,5,2,2021
20210521,5/21/2021,Friday,May,May,5,2,2021
20210522,5/22/2021,Saturday,May,May,5,2,2021
20210523,5/23/2021,Sunday,May,May,5,2,2021
20210524,5/24/2021,Monday,May,May,5,2,2021
20210525,5/25/2021,Tuesday,May,May,5,2,2021
20210526,5/26/2021,Wednesday,May,May,5,2,2021
20210527,5/27/2021,Thursday,May,May,5,2,2021
20210528,5/28/2021,Friday,May,May,5,2,2021
20210529,5/29/2021,Saturday,May,May,5,2,2021
20210530,5/30/2021,Sunday,May,May,5,2,2021
20210531,5/31/2021,Monday,May,May,5,2,2021
20210601,6/1/2021,Tuesday,June,Jun,6,2,2021
20210602,6/2/2021,Wednesday,June,Jun,6,2,2021
20210603,6/3/2021,Thursday,June,Jun,6,2,2021
20210604,6/4/2021,Friday,June,Jun,6,2,2021
20210605,6/5/2021,Saturday,June,Jun,6,2,2021
20210606,6/6/2021,Sunday,June,Jun,6,2,2021
20210607,6/7/2021,Monday,June,Jun,6,2,2021
20210608,6/8/2021,Tuesday,June,Jun,6,2,2021
20210609,6/9/2021,Wednesday,June,Jun,6,2,2021
20210610,6/10/2021,Thursday,June,Jun,6,2,2021
20210611,6/11/2021,Friday,June,Jun,6,2,2021
20210612,6/12/2021,Saturday,June,Jun,6,2,2021
20210613,6/13/2021,Sunday,June,Jun,6,2,2021
20210614,6/14/2021,Monday,June,Jun,6,2,2021
20210615,6/15/2021,Tuesday,June,Jun,6,2,2021
20210616,6/16/2021,Wednesday,June,Jun,6,2,2021
20210617,6/17/2021,Thursday,June,Jun,6,2,2021
20210618,6/18/2021,Friday,June,Jun,6,2,2021
20210619,6/19/2021,Saturday,June,Jun,6,2,2021
20210620,6/20/2021,Sunday,June,Jun,6,2,2021
20210621,6/21/2021,Monday,June,Jun,6,2,2021
20210622,6/22/2021,Tuesday,June,Jun,6,2,2021
20210623,6/23/2021,Wednesday,June,Jun,6,2,2021
20210624,6/24/2021,Thursday,June,Jun,6,2,2021
20210625,6/25/2021,Friday,June,Jun,6,2,2021
20210626,6/26/2021,Saturday,June,Jun,6,2,2021
20210627,6/27/2021,Sunday,June,Jun,6,2,2021
20210628,6/28/2021,Monday,June,Jun,6,2,2021
20210629,6/29/2021,Tuesday,June,Jun,6,2,2021
20210630,6/30/2021,Wednesday,June,Jun,6,2,2021
20210701,7/1/2021,Thursday,July,Jul,7,3,2021
20210702,7/2/2021,Friday,July,Jul,7,3,2021
20210703,7/3/2021,Saturday,July,Jul,7,3,2021
20210704,7/4/2021,Sunday,July,Jul,7,3,2021
20210705,7/5/2021,Monday,July,Jul,7,3,2021
20210706,7/6/2021,Tuesday,July,Jul,7,3,2021
20210707,7/7/2021,Wednesday,July,Jul,7,3,2021
20210708,7/8/2021,Thursday,July,Jul,7,3,2021
20210709,7/9/2021,Friday,July,Jul,7,3,2021
20210710,7/10/2021,Saturday,July,Jul,7,3,2021
20210711,7/11/2021,Sunday,July,Jul,7,3,2021
20210712,7/12/2021,Monday,July,Jul,7,3,2021
20210713,7/13/2021,Tuesday,July,Jul,7,3,2021
20210714,7/14/2021,Wednesday,July,Jul,7,3,2021
20210715,7/15/2021,Thursday,July,Jul,7,3,2021
20210716,7/16/2021,Friday,July,Jul,7,3,2021
20210717,7/17/2021,Saturday,July,Jul,7,3,2021
20210718,7/18/2021,Sunday,July,Jul,7,3,2021
20210719,7/19/2021,Monday,July,Jul,7,3,2021
20210720,7/20/2021,Tuesday,July,Jul,7,3,2021
20210721,7/21/2021,Wednesday,July,Jul,7,3,2021
20210722,7/22/2021,Thursday,July,Jul,7,3,2021
20210723,7/23/2021,Friday,July,Jul,7,3,2021
20210724,7/24/2021,Saturday,July,Jul,7,3,2021
20210725,7/25/2021,Sunday,July,Jul,7,3,2021
20210726,7/26/2021,Monday,July,Jul,7,3,2021
20210727,7/27/2021,Tuesday,July,Jul,7,3,2021
20210728,7/28/2021,Wednesday,July,Jul,7,3,2021
20210729,7/29/2021,Thursday,July,Jul,7,3,2021
20210730,7/30/2021,Friday,July,Jul,7,3,2021
20210731,7/31/2021,Saturday,July,Jul,7,3,2021
20210801,8/1/2021,Sunday,August,Aug,8,3,2021
20210802,8/2/2021,Monday,August,Aug,8,3,2021
20210803,8/3/2021,Tuesday,August,Aug,8,3,2021
20210804,8/4/2021,Wednesday,August,Aug,8,3,2021
20210805,8/5/2021,Thursday,August,Aug,8,3,2021
20210806,8/6/2021,Friday,August,Aug,8,3,2021
20210807,8/7/2021,Saturday,August,Aug,8,3,2021
20210808,8/8/2021,Sunday,August,Aug,8,3,2021
20210809,8/9/2021,Monday,August,Aug,8,3,2021
20210810,8/10/2021,Tuesday,August,Aug,8,3,2021
20210811,8/11/2021,Wednesday,August,Aug,8,3,2021
20210812,8/12/2021,Thursday,August,Aug,8,3,2021
20210813,8/13/2021,Friday,August,Aug,8,3,2021
20210814,8/14/2021,Saturday,August,Aug,8,3,2021
20210815,8/15/2021,Sunday,August,Aug,8,3,2021
20210816,8/16/2021,Monday,August,Aug,8,3,2021
20210817,8/17/2021,Tuesday,August,Aug,8,3,2021
20210818,8/18/2021,Wednesday,August,Aug,8,3,2021
20210819,8/19/2021,Thursday,August,Aug,8,3,2021
20210820,8/20/2021,Friday,August,Aug,8,3,2021
20210821,8/21/2021,Saturday,August,Aug,8,3,2021
20210822,8/22/2021,Sunday,August,Aug,8,3,2021
20210823,8/23/2021,Monday,August,Aug,8,3,2021
20210824,8/24/2021,Tuesday,August,Aug,8,3,2021
20210825,8/25/2021,Wednesday,August,Aug,8,3,2021
20210826,8/26/2021,Thursday,August,Aug,8,3,2021
20210827,8/27/2021,Friday,August,Aug,8,3,2021
20210828,8/28/2021,Saturday,August,Aug,8,3,2021
20210829,8/29/2021,Sunday,August,Aug,8,3,2021
20210830,8/30/2021,Monday,August,Aug,8,3,2021
20210831,8/31/2021,Tuesday,August,Aug,8,3,2021
20210901,9/1/2021,Wednesday,September,Sep,9,3,2021
20210902,9/2/2021,Thursday,September,Sep,9,3,2021
20210903,9/3/2021,Friday,September,Sep,9,3,2021
20210904,9/4/2021,Saturday,September,Sep,9,3,2021
20210905,9/5/2021,Sunday,September,Sep,9,3,2021
20210906,9/6/2021,Monday,September,Sep,9,3,2021
20210907,9/7/2021,Tuesday,September,Sep,9,3,2021
20210908,9/8/2021,Wednesday,September,Sep,9,3,2021
20210909,9/9/2021,Thursday,September,Sep,9,3,2021
20210910,9/10/2021,Friday,September,Sep,9,3,2021
20210911,9/11/2021,Saturday,September,Sep,9,3,2021
20210912,9/12/2021,Sunday,September,Sep,9,3,2021
20210913,9/13/2021,Monday,September,Sep,9,3,2021
20210914,9/14/2021,Tuesday,September,Sep,9,3,2021
20210915,9/15/2021,Wednesday,September,Sep,9,3,2021
20210916,9/16/2021,Thursday,September,Sep,9,3,2021
20210917,9/17/2021,Friday,September,Sep,9,3,2021
20210918,9/18/2021,Saturday,September,Sep,9,3,2021
20210919,9/19/2021,Sunday,September,Sep,9,3,2021
20210920,9/20/2021,Monday,September,Sep,9,3,2021
20210921,9/21/2021,Tuesday,September,Sep,9,3,2021
20210922,9/22/2021,Wednesday,September,Sep,9,3,2021
20210923,9/23/2021,Thursday,September,Sep,9,3,2021
20210924,9/24/2021,Friday,September,Sep,9,3,2021
20210925,9/25/2021,Saturday,September,Sep,9,3,2021
20210926,9/26/2021,Sunday,September,Sep,9,3,2021
20210927,9/27/2021,Monday,September,Sep,9,3,2021
20210928,9/28/2021,Tuesday,September,Sep,9,3,2021
20210929,9/29/2021,Wednesday,September,Sep,9,3,2021
20210930,9/30/2021,Thursday,September,Sep,9,3,2021
20211001,10/1/2021,Friday,October,Oct,10,4,2021
20211002,10/2/2021,Saturday,October,Oct,10,4,2021
20211003,10/3/2021,Sunday,October,Oct,10,4,2021
20211004,10/4/2021,Monday,October,Oct,10,4,2021
20211005,10/5/2021,Tuesday,October,Oct,10,4,2021
20211006,10/6/2021,Wednesday,October,Oct,10,4,2021
20211007,10/7/2021,Thursday,October,Oct,10,4,2021
20211008,10/8/2021,Friday,October,Oct,10,4,2021
20211009,10/9/2021,Saturday,October,Oct,10,4,2021
20211010,10/10/2021,Sunday,October,Oct,10,4,2021
20211011,10/11/2021,Monday,October,Oct,10,4,2021
20211012,10/12/2021,Tuesday,October,Oct,10,4,2021
20211013,10/13/2021,Wednesday,October,Oct,10,4,2021
20211014,10/14/2021,Thursday,October,Oct,10,4,2021
20211015,10/15/2021,Friday,October,Oct,10,4,2021
20211016,10/16/2021,Saturday,October,Oct,10,4,2021
20211017,10/17/2021,Sunday,October,Oct,10,4,2021
20211018,10/18/2021,Monday,October,Oct,10,4,2021
20211019,10/19/2021,Tuesday,October,Oct,10,4,2021
20211020,10/20/2021,Wednesday,October,Oct,10,4,2021
20211021,10/21/2021,Thursday,October,Oct,10,4,2021
20211022,10/22/2021,Friday,October,Oct,10,4,2021
20211023,10/23/2021,Saturday,October,Oct,10,4,2021
20211024,10/24/2021,Sunday,October,Oct,10,4,2021
20211025,10/25/2021,Monday,October,Oct,10,4,2021
20211026,10/26/2021,Tuesday,October,Oct,10,4,2021
20211027,10/27/2021,Wednesday,October,Oct,10,4,2021
20211028,10/28/2021,Thursday,October,Oct,10,4,2021
20211029,10/29/2021,Friday,October,Oct,10,4,2021
20211030,10/30/2021,Saturday,October,Oct,10,4,2021
20211031,10/31/2021,Sunday,October,Oct,10,4,2021
20211101,11/1/2021,Monday,November,Nov,11,4,2021
20211102,11/2/2021,Tuesday,November,Nov,11,4,2021
20211103,11/3/2021,Wednesday,November,Nov,11,4,2021
20211104,11/4/2021,Thursday,November,Nov,11,4,2021
20211105,11/5/2021,Friday,November,Nov,11,4,2021
20211106,11/6/2021,Saturday,November,Nov,11,4,2021
20211107,11/7/2021,Sunday,November,Nov,11,4,2021
20211108,11/8/2021,Monday,November,Nov,11,4,2021
20211109,11/9/2021,Tuesday,November,Nov,11,4,2021
20211110,11/10/2021,Wednesday,November,Nov,11,4,2021
20211111,11/11/2021,Thursday,November,Nov,11,4,2021
20211112,11/12/2021,Friday,November,Nov,11,4,2021
20211113,11/13/2021,Saturday,November,Nov,11,4,2021
20211114,11/14/2021,Sunday,November,Nov,11,4,2021
20211115,11/15/2021,Monday,November,Nov,11,4,2021
20211116,11/16/2021,Tuesday,November,Nov,11,4,2021
20211117,11/17/2021,Wednesday,November,Nov,11,4,2021
20211118,11/18/2021,Thursday,November,Nov,11,4,2021
20211119,11/19/2021,Friday,November,Nov,11,4,2021
20211120,11/20/2021,Saturday,November,Nov,11,4,2021
20211121,11/21/2021,Sunday,November,Nov,11,4,2021
20211122,11/22/2021,Monday,November,Nov,11,4,2021
20211123,11/23/2021,Tuesday,November,Nov,11,4,2021
20211124,11/24/2021,Wednesday,November,Nov,11,4,2021
20211125,11/25/2021,Thursday,November,Nov,11,4,2021
20211126,11/26/2021,Friday,November,Nov,11,4,2021
20211127,11/27/2021,Saturday,November,Nov,11,4,2021
20211128,11/28/2021,Sunday,November,Nov,11,4,2021
20211129,11/29/2021,Monday,November,Nov,11,4,2021
20211130,11/30/2021,Tuesday,November,Nov,11,4,2021
20211201,12/1/2021,Wednesday,December,Dec,12,4,2021
20211202,12/2/2021,Thursday,December,Dec,12,4,2021
20211203,12/3/2021,Friday,December,Dec,12,4,2021
20211204,12/4/2021,Saturday,December,Dec,12,4,2021
20211205,12/5/2021,Sunday,December,Dec,12,4,2021
20211206,12/6/2021,Monday,December,Dec,12,4,2021
20211207,12/7/2021,Tuesday,December,Dec,12,4,2021
20211208,12/8/2021,Wednesday,December,Dec,12,4,2021
20211209,12/9/2021,Thursday,December,Dec,12,4,2021
20211210,12/10/2021,Friday,December,Dec,12,4,2021
20211211,12/11/2021,Saturday,December,Dec,12,4,2021
20211212,12/12/2021,Sunday,December,Dec,12,4,2021
20211213,12/13/2021,Monday,December,Dec,12,4,2021
20211214,12/14/2021,Tuesday,December,Dec,12,4,2021
20211215,12/15/2021,Wednesday,December,Dec,12,4,2021
20211216,12/16/2021,Thursday,December,Dec,12,4,2021
20211217,12/17/2021,Friday,December,Dec,12,4,2021
20211218,12/18/2021,Saturday,December,Dec,12,4,2021
20211219,12/19/2021,Sunday,December,Dec,12,4,2021
20211220,12/20/2021,Monday,December,Dec,12,4,2021
20211221,12/21/2021,Tuesday,December,Dec,12,4,2021
20211222,12/22/2021,Wednesday,December,Dec,12,4,2021
20211223,12/23/2021,Thursday,December,Dec,12,4,2021
20211224,12/24/2021,Friday,December,Dec,12,4,2021
20211225,12/25/2021,Saturday,December,Dec,12,4,2021
20211226,12/26/2021,Sunday,December,Dec,12,4,2021
20211227,12/27/2021,Monday,December,Dec,12,4,2021
20211228,12/28/2021,Tuesday,December,Dec,12,4,2021
20211229,12/29/2021,Wednesday,December,Dec,12,4,2021
20211230,12/30/2021,Thursday,December,Dec,12,4,2021
20211231,12/31/2021,Friday,December,Dec,12,4,2021
20220101,1/1/2022,Saturday,January,Jan,1,1,2022
20220102,1/2/2022,Sunday,January,Jan,1,1,2022
20220103,1/3/2022,Monday,January,Jan,1,1,2022
20220104,1/4/2022,Tuesday,January,Jan,1,1,2022
20220105,1/5/2022,Wednesday,January,Jan,1,1,2022
20220106,1/6/2022,Thursday,January,Jan,1,1,2022
20220107,1/7/2022,Friday,January,Jan,1,1,2022
20220108,1/8/2022,Saturday,January,Jan,1,1,2022
20220109,1/9/2022,Sunday,January,Jan,1,1,2022
20220110,1/10/2022,Monday,January,Jan,1,1,2022
20220111,1/11/2022,Tuesday,January,Jan,1,1,2022
20220112,1/12/2022,Wednesday,January,Jan,1,1,2022
20220113,1/13/2022,Thursday,January,Jan,1,1,2022
20220114,1/14/2022,Friday,January,Jan,1,1,2022
20220115,1/15/2022,Saturday,January,Jan,1,1,2022
20220116,1/16/2022,Sunday,January,Jan,1,1,2022
20220117,1/17/2022,Monday,January,Jan,1,1,2022
20220118,1/18/2022,Tuesday,January,Jan,1,1,2022
20220119,1/19/2022,Wednesday,January,Jan,1,1,2022
20220120,1/20/2022,Thursday,January,Jan,1,1,2022
20220121,1/21/2022,Friday,January,Jan,1,1,2022
20220122,1/22/2022,Saturday,January,Jan,1,1,2022
20220123,1/23/2022,Sunday,January,Jan,1,1,2022
20220124,1/24/2022,Monday,January,Jan,1,1,2022
20220125,1/25/2022,Tuesday,January,Jan,1,1,2022
20220126,1/26/2022,Wednesday,January,Jan,1,1,2022
20220127,1/27/2022,Thursday,January,Jan,1,1,2022
20220128,1/28/2022,Friday,January,Jan,1,1,2022
20220129,1/29/2022,Saturday,January,Jan,1,1,2022
20220130,1/30/2022,Sunday,January,Jan,1,1,2022
20220131,1/31/2022,Monday,January,Jan,1,1,2022
20220201,2/1/2022,Tuesday,February,Feb,2,1,2022
20220202,2/2/2022,Wednesday,February,Feb,2,1,2022
20220203,2/3/2022,Thursday,February,Feb,2,1,2022
20220204,2/4/2022,Friday,February,Feb,2,1,2022
20220205,2/5/2022,Saturday,February,Feb,2,1,2022
20220206,2/6/2022,Sunday,February,Feb,2,1,2022
20220207,2/7/2022,Monday,February,Feb,2,1,2022
20220208,2/8/2022,Tuesday,February,Feb,2,1,2022
20220209,2/9/2022,Wednesday,February,Feb,2,1,2022
20220210,2/10/2022,Thursday,February,Feb,2,1,2022
20220211,2/11/2022,Friday,February,Feb,2,1,2022
20220212,2/12/2022,Saturday,February,Feb,2,1,2022
20220213,2/13/2022,Sunday,February,Feb,2,1,2022
20220214,2/14/2022,Monday,February,Feb,2,1,2022
20220215,2/15/2022,Tuesday,February,Feb,2,1,2022
20220216,2/16/2022,Wednesday,February,Feb,2,1,2022
20220217,2/17/2022,Thursday,February,Feb,2,1,2022
20220218,2/18/2022,Friday,February,Feb,2,1,2022
20220219,2/19/2022,Saturday,February,Feb,2,1,2022
20220220,2/20/2022,Sunday,February,Feb,2,1,2022
20220221,2/21/2022,Monday,February,Feb,2,1,2022
20220222,2/22/2022,Tuesday,February,Feb,2,1,2022
20220223,2/23/2022,Wednesday,February,Feb,2,1,2022
20220224,2/24/2022,Thursday,February,Feb,2,1,2022
20220225,2/25/2022,Friday,February,Feb,2,1,2022
20220226,2/26/2022,Saturday,February,Feb,2,1,2022
20220227,2/27/2022,Sunday,February,Feb,2,1,2022
20220228,2/28/2022,Monday,February,Feb,2,1,2022
20220301,3/1/2022,Tuesday,March,Mar,3,1,2022
20220302,3/2/2022,Wednesday,March,Mar,3,1,2022
20220303,3/3/2022,Thursday,March,Mar,3,1,2022
20220304,3/4/2022,Friday,March,Mar,3,1,2022
20220305,3/5/2022,Saturday,March,Mar,3,1,2022
20220306,3/6/2022,Sunday,March,Mar,3,1,2022
20220307,3/7/2022,Monday,March,Mar,3,1,2022
20220308,3/8/2022,Tuesday,March,Mar,3,1,2022
20220309,3/9/2022,Wednesday,March,Mar,3,1,2022
20220310,3/10/2022,Thursday,March,Mar,3,1,2022
20220311,3/11/2022,Friday,March,Mar,3,1,2022
20220312,3/12/2022,Saturday,March,Mar,3,1,2022
20220313,3/13/2022,Sunday,March,Mar,3,1,2022
20220314,3/14/2022,Monday,March,Mar,3,1,2022
20220315,3/15/2022,Tuesday,March,Mar,3,1,2022
20220316,3/16/2022,Wednesday,March,Mar,3,1,2022
20220317,3/17/2022,Thursday,March,Mar,3,1,2022
20220318,3/18/2022,Friday,March,Mar,3,1,2022
20220319,3/19/2022,Saturday,March,Mar,3,1,2022
20220320,3/20/2022,Sunday,March,Mar,3,1,2022
20220321,3/21/2022,Monday,March,Mar,3,1,2022
20220322,3/22/2022,Tuesday,March,Mar,3,1,2022
20220323,3/23/2022,Wednesday,March,Mar,3,1,2022
20220324,3/24/2022,Thursday,March,Mar,3,1,2022
20220325,3/25/2022,Friday,March,Mar,3,1,2022
20220326,3/26/2022,Saturday,March,Mar,3,1,2022
20220327,3/27/2022,Sunday,March,Mar,3,1,2022
20220328,3/28/2022,Monday,March,Mar,3,1,2022
20220329,3/29/2022,Tuesday,March,Mar,3,1,2022
20220330,3/30/2022,Wednesday,March,Mar,3,1,2022
20220331,3/31/2022,Thursday,March,Mar,3,1,2022
20220401,4/1/2022,Friday,April,Apr,4,2,2022
20220402,4/2/2022,Saturday,April,Apr,4,2,2022
20220403,4/3/2022,Sunday,April,Apr,4,2,2022
20220404,4/4/2022,Monday,April,Apr,4,2,2022
20220405,4/5/2022,Tuesday,April,Apr,4,2,2022
20220406,4/6/2022,Wednesday,April,Apr,4,2,2022
20220407,4/7/2022,Thursday,April,Apr,4,2,2022
20220408,4/8/2022,Friday,April,Apr,4,2,2022
20220409,4/9/2022,Saturday,April,Apr,4,2,2022
20220410,4/10/2022,Sunday,April,Apr,4,2,2022
20220411,4/11/2022,Monday,April,Apr,4,2,2022
20220412,4/12/2022,Tuesday,April,Apr,4,2,2022
20220413,4/13/2022,Wednesday,April,Apr,4,2,2022
20220414,4/14/2022,Thursday,April,Apr,4,2,2022
20220415,4/15/2022,Friday,April,Apr,4,2,2022
20220416,4/16/2022,Saturday,April,Apr,4,2,2022
20220417,4/17/2022,Sunday,April,Apr,4,2,2022
20220418,4/18/2022,Monday,April,Apr,4,2,2022
20220419,4/19/2022,Tuesday,April,Apr,4,2,2022
20220420,4/20/2022,Wednesday,April,Apr,4,2,2022
20220421,4/21/2022,Thursday,April,Apr,4,2,2022
20220422,4/22/2022,Friday,April,Apr,4,2,2022
20220423,4/23/2022,Saturday,April,Apr,4,2,2022
20220424,4/24/2022,Sunday,April,Apr,4,2,2022
20220425,4/25/2022,Monday,April,Apr,4,2,2022
20220426,4/26/2022,Tuesday,April,Apr,4,2,2022
20220427,4/27/2022,Wednesday,April,Apr,4,2,2022
20220428,4/28/2022,Thursday,April,Apr,4,2,2022
20220429,4/29/2022,Friday,April,Apr,4,2,2022
20220430,4/30/2022,Saturday,April,Apr,4,2,2022
20220501,5/1/2022,Sunday,May,May,5,2,2022
20220502,5/2/2022,Monday,May,May,5,2,2022
20220503,5/3/2022,Tuesday,May,May,5,2,2022
20220504,5/4/2022,Wednesday,May,May,5,2,2022
20220505,5/5/2022,Thursday,May,May,5,2,2022
20220506,5/6/2022,Friday,May,May,5,2,2022
20220507,5/7/2022,Saturday,May,May,5,2,2022
20220508,5/8/2022,Sunday,May,May,5,2,2022
20220509,5/9/2022,Monday,May,May,5,2,2022
20220510,5/10/2022,Tuesday,May,May,5,2,2022
20220511,5/11/2022,Wednesday,May,May,5,2,2022
20220512,5/12/2022,Thursday,May,May,5,2,2022
20220513,5/13/2022,Friday,May,May,5,2,2022
20220514,5/14/2022,Saturday,May,May,5,2,2022
20220515,5/15/2022,Sunday,May,May,5,2,2022
20220516,5/16/2022,Monday,May,May,5,2,2022
20220517,5/17/2022,Tuesday,May,May,5,2,2022
20220518,5/18/2022,Wednesday,May,May,5,2,2022
20220519,5/19/2022,Thursday,May,May,5,2,2022
20220520,5/20/2022,Friday,May,May,5,2,2022
20220521,5/21/2022,Saturday,May,May,5,2,2022
20220522,5/22/2022,Sunday,May,May,5,2,2022
20220523,5/23/2022,Monday,May,May,5,2,2022
20220524,5/24/2022,Tuesday,May,May,5,2,2022
20220525,5/25/2022,Wednesday,May,May,5,2,2022
20220526,5/26/2022,Thursday,May,May,5,2,2022
20220527,5/27/2022,Friday,May,May,5,2,2022
20220528,5/28/2022,Saturday,May,May,5,2,2022
20220529,5/29/2022,Sunday,May,May,5,2,2022
20220530,5/30/2022,Monday,May,May,5,2,2022
20220531,5/31/2022,Tuesday,May,May,5,2,2022
20220601,6/1/2022,Wednesday,June,Jun,6,2,2022
20220602,6/2/2022,Thursday,June,Jun,6,2,2022
20220603,6/3/2022,Friday,June,Jun,6,2,2022
20220604,6/4/2022,Saturday,June,Jun,6,2,2022
20220605,6/5/2022,Sunday,June,Jun,6,2,2022
20220606,6/6/2022,Monday,June,Jun,6,2,2022
20220607,6/7/2022,Tuesday,June,Jun,6,2,2022
20220608,6/8/2022,Wednesday,June,Jun,6,2,2022
20220609,6/9/2022,Thursday,June,Jun,6,2,2022
20220610,6/10/2022,Friday,June,Jun,6,2,2022
20220611,6/11/2022,Saturday,June,Jun,6,2,2022
20220612,6/12/2022,Sunday,June,Jun,6,2,2022
20220613,6/13/2022,Monday,June,Jun,6,2,2022
20220614,6/14/2022,Tuesday,June,Jun,6,2,2022
20220615,6/15/2022,Wednesday,June,Jun,6,2,2022
20220616,6/16/2022,Thursday,June,Jun,6,2,2022
20220617,6/17/2022,Friday,June,Jun,6,2,2022
20220618,6/18/2022,Saturday,June,Jun,6,2,2022
20220619,6/19/2022,Sunday,June,Jun,6,2,2022
20220620,6/20/2022,Monday,June,Jun,6,2,2022
20220621,6/21/2022,Tuesday,June,Jun,6,2,2022
20220622,6/22/2022,Wednesday,June,Jun,6,2,2022
20220623,6/23/2022,Thursday,June,Jun,6,2,2022
20220624,6/24/2022,Friday,June,Jun,6,2,2022
20220625,6/25/2022,Saturday,June,Jun,6,2,2022
20220626,6/26/2022,Sunday,June,Jun,6,2,2022
20220627,6/27/2022,Monday,June,Jun,6,2,2022
20220628,6/28/2022,Tuesday,June,Jun,6,2,2022
20220629,6/29/2022,Wednesday,June,Jun,6,2,2022
20220630,6/30/2022,Thursday,June,Jun,6,2,2022
20220701,7/1/2022,Friday,July,Jul,7,3,2022
20220702,7/2/2022,Saturday,July,Jul,7,3,2022
20220703,7/3/2022,Sunday,July,Jul,7,3,2022
20220704,7/4/2022,Monday,July,Jul,7,3,2022
20220705,7/5/2022,Tuesday,July,Jul,7,3,2022
20220706,7/6/2022,Wednesday,July,Jul,7,3,2022
20220707,7/7/2022,Thursday,July,Jul,7,3,2022
20220708,7/8/2022,Friday,July,Jul,7,3,2022
20220709,7/9/2022,Saturday,July,Jul,7,3,2022
20220710,7/10/2022,Sunday,July,Jul,7,3,2022
20220711,7/11/2022,Monday,July,Jul,7,3,2022
20220712,7/12/2022,Tuesday,July,Jul,7,3,2022
20220713,7/13/2022,Wednesday,July,Jul,7,3,2022
20220714,7/14/2022,Thursday,July,Jul,7,3,2022
20220715,7/15/2022,Friday,July,Jul,7,3,2022
20220716,7/16/2022,Saturday,July,Jul,7,3,2022
20220717,7/17/2022,Sunday,July,Jul,7,3,2022
20220718,7/18/2022,Monday,July,Jul,7,3,2022
20220719,7/19/2022,Tuesday,July,Jul,7,3,2022
20220720,7/20/2022,Wednesday,July,Jul,7,3,2022
20220721,7/21/2022,Thursday,July,Jul,7,3,2022
20220722,7/22/2022,Friday,July,Jul,7,3,2022
20220723,7/23/2022,Saturday,July,Jul,7,3,2022
20220724,7/24/2022,Sunday,July,Jul,7,3,2022
20220725,7/25/2022,Monday,July,Jul,7,3,2022
20220726,7/26/2022,Tuesday,July,Jul,7,3,2022
20220727,7/27/2022,Wednesday,July,Jul,7,3,2022
20220728,7/28/2022,Thursday,July,Jul,7,3,2022
20220729,7/29/2022,Friday,July,Jul,7,3,2022
20220730,7/30/2022,Saturday,July,Jul,7,3,2022
20220731,7/31/2022,Sunday,July,Jul,7,3,2022
20220801,8/1/2022,Monday,August,Aug,8,3,2022
20220802,8/2/2022,Tuesday,August,Aug,8,3,2022
20220803,8/3/2022,Wednesday,August,Aug,8,3,2022
20220804,8/4/2022,Thursday,August,Aug,8,3,2022
20220805,8/5/2022,Friday,August,Aug,8,3,2022
20220806,8/6/2022,Saturday,August,Aug,8,3,2022
20220807,8/7/2022,Sunday,August,Aug,8,3,2022
20220808,8/8/2022,Monday,August,Aug,8,3,2022
20220809,8/9/2022,Tuesday,August,Aug,8,3,2022
20220810,8/10/2022,Wednesday,August,Aug,8,3,2022
20220811,8/11/2022,Thursday,August,Aug,8,3,2022
20220812,8/12/2022,Friday,August,Aug,8,3,2022
20220813,8/13/2022,Saturday,August,Aug,8,3,2022
20220814,8/14/2022,Sunday,August,Aug,8,3,2022
20220815,8/15/2022,Monday,August,Aug,8,3,2022
20220816,8/16/2022,Tuesday,August,Aug,8,3,2022
20220817,8/17/2022,Wednesday,August,Aug,8,3,2022
20220818,8/18/2022,Thursday,August,Aug,8,3,2022
20220819,8/19/2022,Friday,August,Aug,8,3,2022
20220820,8/20/2022,Saturday,August,Aug,8,3,2022
20220821,8/21/2022,Sunday,August,Aug,8,3,2022
20220822,8/22/2022,Monday,August,Aug,8,3,2022
20220823,8/23/2022,Tuesday,August,Aug,8,3,2022
20220824,8/24/2022,Wednesday,August,Aug,8,3,2022
20220825,8/25/2022,Thursday,August,Aug,8,3,2022
20220826,8/26/2022,Friday,August,Aug,8,3,2022
20220827,8/27/2022,Saturday,August,Aug,8,3,2022
20220828,8/28/2022,Sunday,August,Aug,8,3,2022
20220829,8/29/2022,Monday,August,Aug,8,3,2022
20220830,8/30/2022,Tuesday,August,Aug,8,3,2022
20220831,8/31/2022,Wednesday,August,Aug,8,3,2022
20220901,9/1/2022,Thursday,September,Sep,9,3,2022
20220902,9/2/2022,Friday,September,Sep,9,3,2022
20220903,9/3/2022,Saturday,September,Sep,9,3,2022
20220904,9/4/2022,Sunday,September,Sep,9,3,2022
20220905,9/5/2022,Monday,September,Sep,9,3,2022
20220906,9/6/2022,Tuesday,September,Sep,9,3,2022
20220907,9/7/2022,Wednesday,September,Sep,9,3,2022
20220908,9/8/2022,Thursday,September,Sep,9,3,2022
20220909,9/9/2022,Friday,September,Sep,9,3,2022
20220910,9/10/2022,Saturday,September,Sep,9,3,2022
20220911,9/11/2022,Sunday,September,Sep,9,3,2022
20220912,9/12/2022,Monday,September,Sep,9,3,2022
20220913,9/13/2022,Tuesday,September,Sep,9,3,2022
20220914,9/14/2022,Wednesday,September,Sep,9,3,2022
20220915,9/15/2022,Thursday,September,Sep,9,3,2022
20220916,9/16/2022,Friday,September,Sep,9,3,2022
20220917,9/17/2022,Saturday,September,Sep,9,3,2022
20220918,9/18/2022,Sunday,September,Sep,9,3,2022
20220919,9/19/2022,Monday,September,Sep,9,3,2022
20220920,9/20/2022,Tuesday,September,Sep,9,3,2022
20220921,9/21/2022,Wednesday,September,Sep,9,3,2022
20220922,9/22/2022,Thursday,September,Sep,9,3,2022
20220923,9/23/2022,Friday,September,Sep,9,3,2022
20220924,9/24/2022,Saturday,September,Sep,9,3,2022
20220925,9/25/2022,Sunday,September,Sep,9,3,2022
20220926,9/26/2022,Monday,September,Sep,9,3,2022
20220927,9/27/2022,Tuesday,September,Sep,9,3,2022
20220928,9/28/2022,Wednesday,September,Sep,9,3,2022
20220929,9/29/2022,Thursday,September,Sep,9,3,2022
20220930,9/30/2022,Friday,September,Sep,9,3,2022
20221001,10/1/2022,Saturday,October,Oct,10,4,2022
20221002,10/2/2022,Sunday,October,Oct,10,4,2022
20221003,10/3/2022,Monday,October,Oct,10,4,2022
20221004,10/4/2022,Tuesday,October,Oct,10,4,2022
20221005,10/5/2022,Wednesday,October,Oct,10,4,2022
20221006,10/6/2022,Thursday,October,Oct,10,4,2022
20221007,10/7/2022,Friday,October,Oct,10,4,2022
20221008,10/8/2022,Saturday,October,Oct,10,4,2022
20221009,10/9/2022,Sunday,October,Oct,10,4,2022
20221010,10/10/2022,Monday,October,Oct,10,4,2022
20221011,10/11/2022,Tuesday,October,Oct,10,4,2022
20221012,10/12/2022,Wednesday,October,Oct,10,4,2022
20221013,10/13/2022,Thursday,October,Oct,10,4,2022
20221014,10/14/2022,Friday,October,Oct,10,4,2022
20221015,10/15/2022,Saturday,October,Oct,10,4,2022
20221016,10/16/2022,Sunday,October,Oct,10,4,2022
20221017,10/17/2022,Monday,October,Oct,10,4,2022
20221018,10/18/2022,Tuesday,October,Oct,10,4,2022
20221019,10/19/2022,Wednesday,October,Oct,10,4,2022
20221020,10/20/2022,Thursday,October,Oct,10,4,2022
20221021,10/21/2022,Friday,October,Oct,10,4,2022
20221022,10/22/2022,Saturday,October,Oct,10,4,2022
20221023,10/23/2022,Sunday,October,Oct,10,4,2022
20221024,10/24/2022,Monday,October,Oct,10,4,2022
20221025,10/25/2022,Tuesday,October,Oct,10,4,2022
20221026,10/26/2022,Wednesday,October,Oct,10,4,2022
20221027,10/27/2022,Thursday,October,Oct,10,4,2022
20221028,10/28/2022,Friday,October,Oct,10,4,2022
20221029,10/29/2022,Saturday,October,Oct,10,4,2022
20221030,10/30/2022,Sunday,October,Oct,10,4,2022
20221031,10/31/2022,Monday,October,Oct,10,4,2022
20221101,11/1/2022,Tuesday,November,Nov,11,4,2022
20221102,11/2/2022,Wednesday,November,Nov,11,4,2022
20221103,11/3/2022,Thursday,November,Nov,11,4,2022
20221104,11/4/2022,Friday,November,Nov,11,4,2022
20221105,11/5/2022,Saturday,November,Nov,11,4,2022
20221106,11/6/2022,Sunday,November,Nov,11,4,2022
20221107,11/7/2022,Monday,November,Nov,11,4,2022
20221108,11/8/2022,Tuesday,November,Nov,11,4,2022
20221109,11/9/2022,Wednesday,November,Nov,11,4,2022
20221110,11/10/2022,Thursday,November,Nov,11,4,2022
20221111,11/11/2022,Friday,November,Nov,11,4,2022
20221112,11/12/2022,Saturday,November,Nov,11,4,2022
20221113,11/13/2022,Sunday,November,Nov,11,4,2022
20221114,11/14/2022,Monday,November,Nov,11,4,2022
20221115,11/15/2022,Tuesday,November,Nov,11,4,2022
20221116,11/16/2022,Wednesday,November,Nov,11,4,2022
20221117,11/17/2022,Thursday,November,Nov,11,4,2022
20221118,11/18/2022,Friday,November,Nov,11,4,2022
20221119,11/19/2022,Saturday,November,Nov,11,4,2022
20221120,11/20/2022,Sunday,November,Nov,11,4,2022
20221121,11/21/2022,Monday,November,Nov,11,4,2022
20221122,11/22/2022,Tuesday,November,Nov,11,4,2022
20221123,11/23/2022,Wednesday,November,Nov,11,4,2022
20221124,11/24/2022,Thursday,November,Nov,11,4,2022
20221125,11/25/2022,Friday,November,Nov,11,4,2022
20221126,11/26/2022,Saturday,November,Nov,11,4,2022
20221127,11/27/2022,Sunday,November,Nov,11,4,2022
20221128,11/28/2022,Monday,November,Nov,11,4,2022
20221129,11/29/2022,Tuesday,November,Nov,11,4,2022
20221130,11/30/2022,Wednesday,November,Nov,11,4,2022
20221201,12/1/2022,Thursday,December,Dec,12,4,2022
20221202,12/2/2022,Friday,December,Dec,12,4,2022
20221203,12/3/2022,Saturday,December,Dec,12,4,2022
20221204,12/4/2022,Sunday,December,Dec,12,4,2022
20221205,12/5/2022,Monday,December,Dec,12,4,2022
20221206,12/6/2022,Tuesday,December,Dec,12,4,2022
20221207,12/7/2022,Wednesday,December,Dec,12,4,2022
20221208,12/8/2022,Thursday,December,Dec,12,4,2022
20221209,12/9/2022,Friday,December,Dec,12,4,2022
20221210,12/10/2022,Saturday,December,Dec,12,4,2022
20221211,12/11/2022,Sunday,December,Dec,12,4,2022
20221212,12/12/2022,Monday,December,Dec,12,4,2022
20221213,12/13/2022,Tuesday,December,Dec,12,4,2022
20221214,12/14/2022,Wednesday,December,Dec,12,4,2022
20221215,12/15/2022,Thursday,December,Dec,12,4,2022
20221216,12/16/2022,Friday,December,Dec,12,4,2022
20221217,12/17/2022,Saturday,December,Dec,12,4,2022
20221218,12/18/2022,Sunday,December,Dec,12,4,2022
20221219,12/19/2022,Monday,December,Dec,12,4,2022
20221220,12/20/2022,Tuesday,December,Dec,12,4,2022
20221221,12/21/2022,Wednesday,December,Dec,12,4,2022
20221222,12/22/2022,Thursday,December,Dec,12,4,2022
20221223,12/23/2022,Friday,December,Dec,12,4,2022
20221224,12/24/2022,Saturday,December,Dec,12,4,2022
20221225,12/25/2022,Sunday,December,Dec,12,4,2022
20221226,12/26/2022,Monday,December,Dec,12,4,2022
20221227,12/27/2022,Tuesday,December,Dec,12,4,2022
20221228,12/28/2022,Wednesday,December,Dec,12,4,2022
20221229,12/29/2022,Thursday,December,Dec,12,4,2022
20221230,12/30/2022,Friday,December,Dec,12,4,2022
20221231,12/31/2022,Saturday,December,Dec,12,4,2022
